Concept,Description,Field
tuberculosis,infectious disease caused by the bacterium Mycobacterium tuberculosis,Unknown
diabetes,group of metabolic disorders characterized by high blood sugar levels over a prolonged period,Unknown
recurrent miscarriage,human disease,Unknown
miscarriage,natural death of an embryo or fetus before it is able to survive independently,Unknown
anastomotic leak,"breakdown of the connection and subsequent leakage of effluent (fluids, secretions, air) from a surgical anastomosis of the digestive, respiratory, genitourinary, and cardiovascular systems",Unknown
experimental autoimmune encephalomyelitis,Animal model of brain inflammation,Unknown
Todd's paresis,medical condition,Unknown
hibernoma,"A rare benign slow growing adipose tissue tumor, characterized by the presence of polygonal brown fat cells with multivacuolated and/or granular cytoplasm. The tumor is usually painless and is most often seen in young adults.",Unknown
neurasthenia,"psychopathological term to denote a condition with symptoms of fatigue, anxiety, headache, heart palpitations, high blood pressure, neuralgia, and depressed mood",Unknown
tetany,medical sign consisting of the involuntary contraction of muscles,Unknown
serum sickness,negative reaction against proteins which are contained in a specific serum,Unknown
carcinoma,cell type cancer that has material basis in abnormally proliferating cells derives from epithelial cells,Unknown
epiploic appendagitis,medical condition,Unknown
diabetic foot,foot that exhibits any pathology that results directly from diabetes mellitus or any long-term complication of diabetes mellitus,Unknown
diabetic foot ulcer,major complication of diabetes mellitus,Unknown
thyroid nodule,human disease,Unknown
ventricular tachycardia,fast heart rhythm that originates in one of the ventricles of the heart,Unknown
De Quervain's thyroiditis,Thyroid disease,Unknown
frontotemporal lobar degeneration,group of disorders,Unknown
sciatica,medical condition with pain down the leg from the lower back,Unknown
anoxia,medical condition,Unknown
anticholinergic toxidrome,medical condition caused by exposure to anticholinergic agents,Unknown
bone fracture,medical condition in which there is physical damage to the continuity of the bone,Unknown
spasticity,"muscle paralysis, increased tendon reflex activity, hypertonia",Unknown
Picardy sweat,infectious disease,Unknown
albuminuria,urologic disease typically indicating kidney malfunction,Unknown
erythema marginatum,medical condition,Unknown
sacbrood,virus infection in larvae of honeybees,Unknown
fibrillation,irregular movement of muscle fibers,Unknown
bulbar syndrome,disease,Unknown
buried bumper syndrome,disease,Unknown
self-defeating personality disorder,proposed personality disorder in an earlier edition of the Diagnostic and Statistical Manual of Mental Disorders (DSM-III-R) in 1987,Unknown
omphalitis of newborn,inflammation of the umbilical cord stump,Unknown
myxoma,myxoid tumor of primitive connective tissue,Unknown
chemotherapy-induced acral erythema,chemotherapy-induced dermal side effects tassociated with the use of cytostatic agents,Unknown
May–Thurner syndrome,a mechanical problem where the left iliac vein is compressed by the right iliac artery,Unknown
avolition,inability to initiate and persist in goal-directed activities (negative symptom),Unknown
paraphasia,"language output error commonly associated with aphasia, and characterized by the production of unintended syllables, words, or phrases during the effort to speak",Unknown
Dactylitis,inflammation of an entire digit (a finger or toe),Unknown
hh blood group,Rare blood group first found in Bombay(1982),Unknown
puerperal infection,human disease,Unknown
Gradenigo's syndrome,complication of otitis media and mastoiditis involving the apex of the petrous temporal bone,Unknown
hallux rigidus,disease,Unknown
acoustic shock,negative symptoms in response to loud noise,Unknown
piblokto,culture-bound syndrome,Unknown
muscular dystrophy-dystroglycanopathy type B1,congenital disease,Unknown
contrast-induced nephropathy,form of kidney damage in which there has been recent exposure to medical imaging contrast material,Unknown
impaired coordination,symptom,Unknown
sarcopenia,progressive decline in muscle mass due to aging,Unknown
germ cell neoplasia in situ,medical condition,Unknown
pseudogynecomastia,male breast tissue enlargement solely due to excess fatty tissue,Unknown
dyslalia,speech disorder,Unknown
chronic allograft nephropathy,medical condition,Unknown
minimally conscious state,clinical neuropsychology,Unknown
Facet syndrome,syndrome in which the facet joints cause painful symptoms,Unknown
Diplegia,disease,Unknown
Clutton's joints,term describing the finding of symmetrical joint swelling seen in patients with congenital syphilis,Unknown
caffeine dependence,"central nervous system stimulant drug which occurs in nature as part of the coffee, tea, yerba mate and other plants",Unknown
septicemia,sepsis in the blood,Unknown
Acute myeloblastic leukemia,form of myeloid leukemia affecting myeloblasts,Unknown
Aortoiliac occlusive disease,medical condition,Unknown
catatonic schizophrenia,mental disorder,Unknown
focal nodular hyperplasia,benign hepatic vascular tumors,Unknown
nymphomania,hypersexuality,Unknown
albinism,congenital disorder causing skin to lack pigmentation,Unknown
osteoid osteoma,benign bone tumor that arises from osteoblasts and was originally thought to be a smaller version of an osteoblastoma,Unknown
biliary sludge,disease,Unknown
pulmonary cyst,medical condition,Unknown
overload disease,storage disease,Unknown
atrial flutter,abnormal heart rhythm that starts in the atrial chambers of the heart,Unknown
hemoperitoneum,disease,Unknown
parakeratosis,keratinization characterized by the retention of nuclei in the stratum corneum,Unknown
Eustachian catarrh,"inflammation of the auditory tube, typically associated with upper respiratory tract infections such as colds, and may be worsened by enlarged tonsils",Unknown
vaginal dryness,lack of vaginal lubrication,Unknown
madarosis,medical condition,Unknown
retrognathism,a physical misalignment of the jaw bones,Unknown
meningeal carcinomatosis,disorder in cancer patients in which the disease spreads to the membranes surrounding the brain and spinal cord,Unknown
Milium,Light-coloured spots under the skin,Unknown
Morton's neuroma,benign neuroma of an intermetatarsal plantar nerve,Unknown
hypocalcaemia,low calcium levels in blood serum,Unknown
paraneoplastic syndrome,medical effects of tumors besides mass effect,Unknown
suicidal ideation,"thoughts, ideas, or ruminations about the possibility of ending one's life",Unknown
bleeding gums,result of an inflammatory disease of the gingiva (gums),Unknown
alien hand syndrome,neuropsychiatric disorder,Unknown
toothache,medical condition of the teeth,Unknown
cancer of unknown primary origin,disease,Unknown
Caput medusae,appearance of distended and engorged superficial epigastric veins,Unknown
hypothermia,human body core temperature below 35.0 °C (95.0 °F),Unknown
delirium,"severe confusion that develops quickly, and often fluctuates in intensity",Unknown
pneumoperitoneum,"pneumatosis (abnormal presence of air or other gas) in the peritoneal cavity, a potential space within the abdominal cavity.",Unknown
opioid withdrawal syndrome,Withdrawal symptoms of opiates,Unknown
vibration white finger,industrial injury,Unknown
osteochondroma,the most common benign tumors of the bones,Unknown
canine influenza,influenza occurring in canine animals,Unknown
Haff disease,medical condition,Unknown
Extravasation,medical condition,Unknown
type-1 diabetes,"autoimmune disease, a form of diabetes mellitus that occurs when insulin-producing cells are destroyed by the immune system",Unknown
coprolalia,neurological disorder,Unknown
psychogenic pain,Type of pain,Unknown
panic attack,period of intense fear or apprehension of sudden onset,Unknown
spinal disc herniation,disease,Unknown
endothelial dysfunction,systemic pathological state of the endothelium,Unknown
ovarian torsion,rotation of the ovary,Unknown
olecranon bursitis,Human disease,Unknown
alcoholic liver disease,medical condition,Unknown
aphakia,condition where the eye lacks a lens,Unknown
splenomegaly,abnormal increased size of the spleen,Unknown
granuloma,inflammation consisting of immune cells known as macrophages,Unknown
Basuritis,"disease characterized by inflammation of the stomach, small intestines, and colon",Unknown
persecutory delusion,delusion involving perception of persecution,Unknown
cerebral degeneration,human disease,Unknown
brainstem disease,disease,Unknown
hirsutism,masculine hair growth on a woman,Unknown
Mallory–Weiss syndrome,bleeding from a laceration in the mucosa at the junction of the stomach and esophagus,Unknown
Slocumb's syndrome,disease,Unknown
keratosis pilaris,skin condition characterized by small bumps,Unknown
Lujan–Fryns syndrome,rare genetic condition in humans,Unknown
flat feet problems,human foot arch that is very low,Unknown
mallet finger,an extensor tendon injury at the farthest away finger joint,Unknown
torsion dystonia,a hereditary disease characterized by involuntary painful muscle contractions resulting in uncontrollable distortions,Unknown
radiation burn,damage to the skin or other biological tissue caused by exposure to radiation,Unknown
hypoxia,condition in which the body or a region of the body is deprived of adequate oxygen supply at the tissue level,Unknown
torticollis,"dystonic condition defined by an abnormal, asymmetrical head or neck position, which may be due to a variety of causes",Unknown
calculus,"concretion of material, usually mineral salts, that forms in an organ or duct of the body",Unknown
taijin kyofusho,Japanese culture-bound syndrome,Unknown
tonsillolith,mineralized debris in tonsils,Unknown
Darwin's tubercle,congenital ear condition which often presents as a thickening on the helix at the junction of the upper and middle thirds,Unknown
sperm granuloma,lump of extravasated sperm found in some vasectomized men,Unknown
dementia pugilistica,"neurodegenerative disease found in people who have had multiple head injuries, subtype of CTE",Unknown
thought disorder,"disorder of thought form, content or stream",Unknown
dissociative fugue,dissociative disorder,Unknown
coxa valga,medical condition,Unknown
pilonidal cyst,"hair-containing cyst or sinus, occurring chiefly in the coccygeal region",Unknown
liver failure,inability of the liver to perform its normal functions,Unknown
hot flash,"sudden flushing, usually in menopausal women, due to reduced levels of estrogen",Unknown
insomnia,inability to sleep peacefully,Unknown
hysteria,"former diagnostic category describing a state of mind, one of unmanageable fear or emotional excesses",Unknown
febrile seizure,seizure associated with a high body temperature,Unknown
traveler's diarrhea,disease,Unknown
brain abscess,abscess caused by inflammation and collection of infected material in the brain,Unknown
floater,"deposits of various size, shape, consistency, refractive index, and motility within the eye's vitreous humour, which is normally transparent",Unknown
polycoria,pathological condition of the eye,Unknown
Labial fusion,human gynekological disease,Unknown
hyperkeratosis,"thickening of the stratum corneum (the outermost layer of the epidermis), often associated with the presence of an abnormal quantity of keratin",Unknown
hematidrosis,sweating of blood,Unknown
Suspension trauma,type of medical trauma,Unknown
postoperative nausea and vomiting,medical condition,Unknown
multimorbidity,"two or more concurrent chronic physical, mental, or behavioral health problems in an individual",Unknown
Myeloma cast nephropathy,medical condition,Unknown
myringitis,"inflammation of the tympanic membrane, part of the middle ear, usually of infectious origin, often caused by influenza viruses",Unknown
oligomenorrhea,type of menstrual disorder,Unknown
neurological neglect syndrome,disease,Unknown
Postoperative residual curarization,medical condition,Unknown
cocoliztli,human disease,Unknown
Nonossifying fibroma,medical condition,Unknown
non-odontogenic cyst,cysts formed from epithelial inclusions in the lines of fusion of the embryonic processes which form the jaws,Unknown
chronic pancreatitis,human disease,Unknown
pigeon toe,condition which causes the toes to point inward when walking,Unknown
vitreous hemorrhage,medical condition,Unknown
microhematuria,medical condition,Unknown
oneiroid syndrome,dream-like fantastic delusional state (psychopathological syndrome),Unknown
genu varum,varus deformity marked by (outward) bowing at the knee,Unknown
congenital aplasia of the vas deferens,medical condition,Unknown
osteitis pubis,"noninfectious inflammation of the pubis symphysis (also known as the pubic symphysis, symphysis pubis, or symphysis pubica), causing varying degrees of lower abdominal and pelvic pain",Unknown
vulvodynia,Vulvodynia is a chronic pain syndrome that affects the vulvar area and occurs without an identifiable cause. Symptoms typically include a feeling of burning or irritation. For the diagnosis to be made symptoms must last at least 3 months.,Unknown
attention deficit hyperactivity disorder,neurodevelopmental disorder,Unknown
paratuberculosis,cattle infection due to Mycobacterium paratuberculosis,Unknown
Erythema induratum,panniculitis on the calves,Unknown
asomatognosia,medical condition,Unknown
aspermia,complete lack of semen with ejaculation,Unknown
extrapyramidal symptoms,drug-induced movement disorders,Unknown
Binswanger's disease,form of small vessel vascular dementia caused by damage to the white brain matter,Unknown
fever of unknown origin,symptom,Unknown
fibromatosis,poorly defined neoplasm arising from the soft tissues,Unknown
petechia,small red or purple spot on the skin or conjunctiva,Unknown
buckle fracture,common type of fracture in children,Unknown
Fregoli delusion,psychopathological syndrome,Unknown
Keratoglobus,degenerative non-inflammatory disorder of the eye in which structural changes within the cornea cause it to become extremely thin and change to a more globular shape than its normal gradual curve,Unknown
Chronic Somogyi rebound,Theoretical elevated blood sugar for diabetics in the morning,Unknown
hypertriglyceridemia,high blood levels of triglycerides,Unknown
apparent life-threatening event syndrome,medical condition,Unknown
hypomania,mood state characterized by persistent and pervasive elevated or irritable mood,Unknown
aneurysm,bulge in the wall of a blood vessel,Unknown
tennis elbow,condition in which the outer part of the elbow becomes sore and tender,Unknown
asplenia,congenital disorder,Unknown
Condyloma,disease,Unknown
papillomatosis,disease,Unknown
diffuse esophageal spasm,hypermotility disorder of the esophagus,Unknown
disease mongering,pejorative term for the practice of widening the diagnostic boundaries of illnesses and aggressively promoting their public awareness in order to expand the markets for treatment,Unknown
Amyotrophic lateral sclerosis 21,disease,Unknown
Doege–Potter syndrome,paraneoplastic syndrome,Unknown
conduction aphasia,rare form of aphasia,Unknown
littoral cell angioma,disease,Unknown
staphylococcal skin infection,infections to the skin caused by bacteria of the genus staphylococcus,Unknown
Reflux nephropathy,Human disease,Unknown
ear mite,common name,Unknown
herpesviral encephalitis,encephalitis associated with herpes simplex virus,Unknown
hypervolemia,"An increase in the volume of circulating blood, that is, an excess of fluid in the bloodstream",Unknown
erythema ab igne,rash of the skin usually caused by the long-term exposure to heat or infrared radiation,Unknown
transcortical motor aphasia,type of aphasia,Unknown
spinal cord infarction,rare type of stroke,Unknown
sacroiliitis,inflammation of pelvis,Unknown
ideas of reference and delusions of reference,"belief that certain gestures, environmental cues, innocuous events, comments and so forth are directed at oneself",Unknown
pseudoporphyria,medical condition,Unknown
Photophthalmia,type of photokeratitis,Unknown
postviral fatigue syndrome,condition resulting from a viral infection,Unknown
cerebral hypoxia,deprivation of oxygen to the brain,Unknown
Flail chest,Life-threatening medical condition that occurs when a segment of the rib cage breaks due to trauma and becomes detached from the rest of the chest wall,Unknown
Cotard delusion,mental disease,Unknown
retroverted uterus,medical condition,Unknown
chondromatosis,multiple formation of chondromas,Unknown
misophonia,"a disorder of decreased tolerance to specific sounds or stimuli associated with such sounds; these stimuli are experienced as unpleasant/distressing and tend to evoke strong negative emotional, physiological, and behavioural responses",Unknown
Bulbar palsy,medical condition,Unknown
peritoneal carcinomatosis,medical condition,Unknown
cytomegaloviral disease,human disease,Unknown
Phototoxicity,An agent that renders the skin susceptible to damage (as sunburn or blisters) upon exposure to light and especially ultraviolet light.,Unknown
sudden death in athletes,"natural, unexpected death from cardiac arrest of athletes",Unknown
polyposis,human disease,Unknown
REM sleep behavior disorder,sleep disorder that involves abnormal behavior including the acting out of violent or dramatic dreams during the sleep phase with rapid eye movement,Unknown
hypermobility syndrome,disease,Unknown
dysplasia,"abnormal development, at macroscopic or microscopical level",Unknown
diabetic nephropathy,disease,Unknown
cluster headache,neurological disorder,Unknown
metastasis,spread of a disease inside a body,Unknown
fistula,"abnormal connection between two epithelialized surfaces, often organs",Unknown
fibromuscular dysplasia,human arterial disease,Unknown
dysosmia,qualitative alteration or distortion of the perception of smell,Unknown
Muselmann,term used among captives of World War II Nazi concentration camps,Unknown
subarachnoid hemorrhage,bleeding into the subarachnoid space,Unknown
coxa vara,hip deformity in which the femoral neck leans forward resulting in a decrease in the angle between the neck and shaft,Unknown
diverticulum,medical or biological term for an outpouching of a hollow (or a fluid-filled) structure in the body,Unknown
developmental disability,"diverse group of chronic conditions that are due to mental or physical impairments that arise before adulthood, causing difficulties in certain areas of life, especially in language, mobility, learning, self-help, and independent living",Unknown
fecal incontinence,inability to refrain from defecation,Unknown
Jarisch-Herxheimer reaction,reaction to endotoxin-like products released by the death of harmful microorganisms within the body during antimicrobial treatment,Unknown
abnormal lordosis,abnormal curvature of the spine,Unknown
phakomatosis,"multisystem disorders that involve the ectodermal structures like central nervous system, skin and eyes",Unknown
preterm birth,birth at a gestational age less than 37 weeks,Unknown
hip dysplasia,human disease,Unknown
Eagle syndrome,human disease,Unknown
stimulant psychosis,psychotic disorder that appears in some people who abuse stimulant drugs,Unknown
porcelain gallbladder,calcification of the gallbladder believed to be brought on by excessive gallstones,Unknown
post-aggression metabolism,systemic response to surgical injury,Unknown
Postanesthetic shivering,medical condition,Unknown
prolapse,protrusion of an organ in into a natural or artificial orifice,Unknown
livedo reticularis,common skin finding consisting of a mottled reticulated vascular pattern that appears as a lace-like purplish discoloration of the skin,Unknown
obstructive uropathy,blockage of urine flow,Unknown
ocular albinism type 1,most common type of ocular albinism,Unknown
iron overload,human disease,Unknown
posterior tibial tendon dysfunction,range of progressive disorders ranging from tenosynovitis to tendon rupture with or without hindfoot collapse to a flatfoot deformity,Unknown
reactive airway disease,medical condition,Unknown
Transient epileptic amnesia,neurological condition,Unknown
skin infection,"skin disease caused by bacteria, fungi, parasites or virus",Unknown
delusional misidentification syndrome,psychopathological syndrome,Unknown
reticular erythematous mucinosis,medical condition,Unknown
Psychogenic disease,Class of mental disorder,Unknown
catarrh,inflammation of the mucous membranes in one of the airways or cavities of the body,Unknown
frontal lobe disorder,disorder,Unknown
azotemia,abnormally high levels of nitrogen in the blood,Unknown
intertrigo,type of inflammatory rash that occurs in body folds,Unknown
bovine virus diarrhea,significant economic disease of cattle caused by two species of Pestivirus,Unknown
computer vision syndrome,"condition resulting from focusing the eyes on a screen for protracted, uninterrupted periods of time",Unknown
xanthoma,deposition of yellowish cholesterol-rich material that can appear anywhere in the body in various disease states,Unknown
Dermal cylindroma,disease,Unknown
dermatochalasis,medical condition,Unknown
colorectal polyp,polyp that involves the colon,Unknown
focal infection of oral origin,secondary or systemic infection due to dissemination throughout the body of microorganisms whose primary focus of infection lies in the periodontal tissues,Unknown
obstetrical hemorrhage,heavy bleeding in pregnancy,Unknown
barotitis,pressure injury to the middle ear,Unknown
adrenal insufficiency,human disease,Unknown
odontoma,benign tumour of dental tissue,Unknown
pitted keratolysis,bacterial skin infection of the foot,Unknown
Salter–Harris fracture,fracture that involves the epiphyseal plate or growth plate of a bone,Unknown
cardiomegaly,medical condition in which the heart is enlarged,Unknown
carcinoid tumor,type of neuroendocrine tumor originating in the cells of the neuroendocrine system,Unknown
KISS syndrome,disease,Unknown
receptive aphasia,type of aphasia,Unknown
sepsis,life-threatening response to infection,Unknown
nephroptosis,abnormal condition in which the kidney drops down into the pelvis when the patient stands up,Unknown
venous ulcer,disease,Unknown
trichophagia,medical condition,Unknown
conductive hearing loss,medical condition,Unknown
pseudolymphoma,benign nepolasm that resembles a malignant lymphoma,Unknown
vascular occlusion,blockage of a blood vessel,Unknown
hepatosplenomegaly,simultaneous enlargement of both the liver (hepatomegaly) and the spleen (splenomegaly),Unknown
stannosis,medical condition caused by inhalation of tin compounds,Unknown
metrorrhagia,uterine bleeding between menstrual periods,Unknown
dyschezia,difficult defecation,Unknown
konzo,disease caused by malnutrition and high dietary cyanide intake,Unknown
oroantral fistula,antrum perforation,Unknown
echopraxia,"catatonic behaviour, repetitive imitation of the movements of another person",Unknown
bone neoplasm,tumor or cancer located in bone tissue or specific bones,Unknown
Dupuytren's contracture,superficial fibromatosis arising from the soft tissue of the palm,Unknown
tension headache,common type of headache classified by The International Classification of Headache Disorders 3rd edition,Unknown
abuse of medicaments,repeated and inappropriate use of medicaments and/or folk remedies,Unknown
secondary caries,carious lesion adjacent to an existing restoration,Unknown
intestinal capillariasis,human disease,Unknown
scaphocephaly,premature fusion of the sagittal suture,Unknown
splenosis,spontaneous transplantation of splenic tissue to unusual sites after open splenic trauma,Unknown
variant Creutzfeldt–Jakob disease,degenerative brain disease caused by prions,Unknown
hyperplasia,increase in the amount of organic tissue that results from cell proliferation,Unknown
opportunistic infection,infection caused by pathogens that take advantage of an opportunity not normally available,Unknown
adenovirus infection,human disease,Unknown
post-concussion syndrome,organic brain syndrome that occurs following head trauma (i.e. concussion),Unknown
sinus arrhythmia,irregular heart rate caused by abnormal function of the sinoatrial node,Unknown
Youssef's syndrome,abnormal communication between the bladder and uterus,Unknown
upper respiratory tract infection,"illness caused by an acute infection in including the nose, sinuses, pharynx, or larynx",Unknown
Latrodectism,illness caused by the bite of Latrodectus spiders (the black widow spider and related species),Unknown
proctalgia fugax,variant of levator ani syndrome,Unknown
bovine papular stomatitis,animal disase,Unknown
microtia,congenital deformity where the pinna (external ear) is underdeveloped,Unknown
trigonocephaly,congenital condition of premature fusion of the metopic suture leading to a triangular shaped forehead.,Unknown
deep vein thrombosis,formation of a blood clot (thrombus) in a deep vein,Unknown
malum perforans,medical condition,Unknown
leukoplakia,condition of the mucous membranes,Unknown
metritis,inflammation of the uterus,Unknown
kraurosis vulvae,"a rare skin condition that usually affects the vulva and anal areas in young children, adolescents, and adults",Unknown
neurocytoma,type of nervous system benign tumor,Unknown
fructose malabsorption,disorder,Unknown
intrauterine growth restriction,poor growth of fetus in mother's womb during pregnancy,Unknown
vesicle,skin lesion,Unknown
Freiberg disease,medical condition,Unknown
frostbite,effect of low temperature on skin and other tissues,Unknown
ototoxicity,property of being toxic to the ear,Unknown
Rapunzel syndrome,intestinal condition in humans resulting from ingesting hair,Unknown
delirium tremens,rapid onset of confusion caused by alcohol withdrawal,Unknown
hypertrophy,increase in the volume of an organ or tissue due to the enlargement of its component cells,Unknown
dust mite allergy,medical condition,Unknown
brain herniation,disease,Unknown
Poikiloderma,Human skin condition.,Unknown
hypovolemia,low blood volume,Unknown
laryngospasm,disorder in which the adductor muscles of the vocal cords exhibit increased activity leading to laryngeal spasm,Unknown
Babinski–Nageotte syndrome,alternating brainstem syndrome,Unknown
sacroiliac joint dysfunction,medical condition,Unknown
stress-related disorders,stress: Disorders' causes and reduction methods,Unknown
dysmenorrhea,pain during menstruation,Unknown
Benedikt syndrome,medical condition,Unknown
cerebral hemorrhage,type of intracranial hemorrhage that occurs within the brain tissue itself,Unknown
pseudopsychopathic schizophrenia,form of schizophrenia characterized by pseudopsychopathic defect (personality changes) resulting from the disease process,Unknown
schizophrenic reaction,psychotic reaction characterized by schizophrenia-like symptoms,Unknown
anomalous trichromacy,human disease,Unknown
cone monochromacy,Human disease,Unknown
premature ventricular contraction,Human disease,Unknown
Wenckebach second degree atrioventricular block,Human disease,Unknown
sclerosing encapsulating peritonitis,rare disease,Unknown
Anisomastia,medical condition in which there is a severe asymmetry or unequalness in the size of the breasts,Unknown
paroxysmal supraventricular tachycardia,medical condition,Unknown
atrophy,partial or complete wasting away of a part of the body,Unknown
cervical syndrome,general term for complaints of the cervical spine,Unknown
cervical intraepithelial neoplasia,disease,Unknown
binge eating disorder,eating disorder characterized by: frequent and recurrent episodes of binge eating; with associated negative psychological and social problems; but without subsequent episodes of purging,Unknown
atelectasis,collapse or closure of a lung resulting in reduced or absent gas exchange,Unknown
respiratory tract infection,"infectious disease affecting nose, throat and lungs",Unknown
atony,muscle losing its strength,Unknown
foreign accent syndrome,medical condition,Unknown
Biloma,Collection of bile in the abdominal cavity,Unknown
condylomata lata,medical condition,Unknown
Bing–Neel syndrome,medical condition,Unknown
bone marrow suppression,disease,Unknown
bisphosphonate-associated osteonecrosis of the jaw,disease,Unknown
pemphigoid,autoimmune blistering diseases,Unknown
giant condyloma acuminatum,exophytic tumor of the anogenital region associated with HPV infections,Unknown
Bowenoid papulosis,Human disease,Unknown
auditory arrhythmia,inability to replicate musical or rhythmic patterns,Unknown
fungal sinusitis,Inflammation of the paranasal sinuses due to fungal infection,Unknown
breast neoplasm,tumors or cancer of the human breast,Unknown
excess skin,surplus skin and fat after weight loss or pregnancy,Unknown
Acute HME syndrome,medical condition,Unknown
Tuberculous dactylitis,medical condition,Unknown
13q deletion syndrome,medical condition,Unknown
Chronic histiocytic intervillositis,disease,Unknown
Lymphatogenous metastasis,Effect of cancer,Unknown
hypertensive crisis,very high blood pressure,Unknown
floppy eyelid syndrome,a disease whose most prominent features often include floppy upper eyelids that can be easily everted,Unknown
diverticular disease,medical condition,Unknown
Peritoneal inclusion cyst,medical condition,Unknown
pancreatic cyst,medical condition,Unknown
AntiMOG associated encephalomyelitis,inflammatory demyelinating disease previously considered part of the multiple sclerosis spectrum,Unknown
Dothistroma needle blight,"cryptogamic disease of pines, caused by Dothistroma septosporum / pini",Unknown
querulous paranoia,psychiatric diagnosis,Unknown
viral skin disease,skin disease caused by viruses,Unknown
mesial movement of teeth,migration of teeth toward the midline or forward in the dental arch,Unknown
vascular calcification,deposition of calcium into the blood vessel structures,Unknown
sepsis-associated encephalopathy,neurological dysfunction during severe sepsis in the absence of direct brain infection,Unknown
necrobiotic disorders,"group of disorders characterized by swelling, basophilia, and distortion of collagen bundles in the dermis",Unknown
iliac aneurysm,Abnormal balloon- or sac-like dilatation in the wall of one of the iliac arteries,Unknown
paucibacillary leprosy,"form of leprosy classified by the World Health Organization for the purpose of treatment, based on clinical manifestations and skin smear results",Unknown
bites and stings,injuries inflicted by the teeth or poisoning caused by venoms of animals,Unknown
amyloid neuropathy,disorders of the peripheral nervous system associated with the deposition of amyloid in nerve tissue,Unknown
Upper-extremity deep vein thrombosis,deep vein thrombosis of an upper extremity vein,Unknown
accessory nerve injury,traumatic injury to the accessory nerve,Unknown
leukemic infiltration,pathologic change in leukemia in which leukemic cells permeate organs,Unknown
childhood lead poisoning of the nervous system,neurologic disorders occurring in children following lead exposure,Unknown
prostatic intraepithelial neoplasia,"premalignant change in the prostatic epithelium, precursor of prostatic adenocarcinoma",Unknown
esophageal and gastric varices,dilated blood vessels in the esophagus or gastric fundus,Unknown
fungal infection of the central nervous system,"mycosis of the brain, spinal cord, and meninges",Unknown
cardiovascular abnormality,"congenital, inherited, or acquired anomalies of the cardiovascular system, including the heart and blood vessels",Unknown
radius fracture,fracture of the radius bone,Unknown
Birnaviridae infection,virus diseases caused by Birnaviridae,Unknown
avian sarcoma,"connective tissue tumors, affecting primarily fowl, usually caused by avian sarcoma viruses",Unknown
Circoviridae infection,virus diseases caused by Circoviridae,Unknown
cutaneous fistula,abnormal passage or communication leading from an internal organ to the surface of the body.,Unknown
multibacillary leprosy,"form of leprosy classified by the World Health Organization for the purpose of treatment, based on clinical manifestations and skin smear results",Unknown
periprosthetic fracture,fractures around joint replacement prosthetics or implants,Unknown
forearm injury,injury to the part of the arm between the wrist and elbow,Unknown
dental fissure,deep groove or cleft in the surface of teeth equivalent to class 1 cavity in Black's classification of dental caries.,Unknown
olfactory nerve injury,traumatic injury to the olfactory nerve,Unknown
central nervous system trauma,"traumatic injury to the brain, cranial nerves, spinal cord, autonomic nervous system, or neuromuscular system",Unknown
proteopathy,disease,Unknown
organ torsion,abnormal twisting or rotation of a bodily part or member on its axis,Unknown
Eosinophilic pustular folliculitis of infancy,medical condition,Unknown
chilblains,medical condition,Unknown
Nasal vestibulitis,infection of the nasal cavity,Unknown
hemorrhage per rhexis,hemorrhage from rupture of a blood vessel.,Unknown
rhinosinusitis,simultaneous infection of the nasal mucosa (rhinitis) and the mucosa of the paranasal sinuses (sinusitis),Unknown
empyema,gathering of pus within a naturally existing anatomical cavity,Unknown
Enostosis,medical condition,Unknown
enterohaemorrhagic Escherichia coli infection,Human disease,Unknown
alcohol withdrawal seizure,seizures that occur in association with ethanol abuse without other identifiable causes,Unknown
enzootic bovine leukosis,lymphoid neoplastic disease in cattle caused by the bovine leukemia virus,Unknown
jet lag,physiological condition caused by travel across time zones,Unknown
cyst,closed sac growth on the body,Unknown
clavicle fracture,medical condition,Unknown
pathologic fracture,bone fracture caused by weakness of the bone structure,Unknown
rheumatoid nodule,variant of polyarthritis,Unknown
medication overuse headache,medical condition,Unknown
Onychotillomania,medical condition,Unknown
Palilalia,"language disorder characterized by the involuntary repetition of syllables, words, or phrases",Unknown
stupor,total or nearly total lack of spontaneous movements (disease),Unknown
accelerated phase chronic myelogenous leukemia,disease,Unknown
foodborne illness,"illness resulting from food that is spoiled or contaminated by pathogenic bacteria, viruses, parasites or toxins",Unknown
conjoined twins,twins physically joined in utero,Unknown
mesenteric ischemia,medical condition,Unknown
Bilharzial cor pulmonale,medical condition,Unknown
Hormone-sensitive cancer,a type of cancer dependent on a hormone for growth,Unknown
ureterovaginal fistula,medical condition,Unknown
Christmas Eye,corneal ulceration,Unknown
Puberty menorrhagia,increased menstrual flow soon after puberty,Unknown
Chorioangioma,medical condition,Unknown
Breus' mole,hematoma formed in uterus in pregnancy,Unknown
alcoholic paranoid,chronic paranoid psychosis associated with alcoholism,Unknown
intra-abdominal abscess,disease,Unknown
incarceration,disease,Unknown
symptom-depleted schizophrenia,"subtype of schizophrenia defined in Russia, characterized by negative symptoms (apathy, asthenia, flattened affect, autism)",Unknown
passive–aggressive personality disorder,"personality disorder characterized by procrastination, covert obstructionism, inefficiency and stubbornness",Unknown
paranoial schizophrenia,subtype of schizophrenia defined in Russia,Unknown
hypochondriacal schizophrenia,subtype of schizophrenia defined in Russia,Unknown
Phlegmasia cerulea dolens,medical condition,Unknown
hyponatremia,low blood sodium level,Unknown
bone cyst,pseudocystics cavity formations of fibermixoid content in bones,Unknown
gait abnormality,deviation from normal walking (gait),Unknown
Nasal septal hematoma,"bleeding under the mucous membrane of the nasal septum, most often as a result of trauma",Unknown
Acquired perforating dermatosis,medical condition,Unknown
erythroderma,skin disease,Unknown
steatosis,abnormal retention of fat (lipids) within a cell or organ,Unknown
air embolism,vascular blockage by air bubbles,Unknown
gluten-related disorder,set of diseases caused by gluten exposure,Unknown
Zuckerschleim,German term: a respiratory disease,Unknown
Upper airway resistance syndrome,sleep disorder,Unknown
human flu,influenza,Unknown
periampullary cancer,cancer,Unknown
acute coronary syndrome,group of symptoms attributed to obstruction of the coronary arteries,Unknown
Haemolacria,physical condition that causes a person to produce tears that are partially composed of blood,Unknown
lymph node metastasis,The spread of a malignant neoplasm to the lymph nodes,Unknown
dichromatopsia,"human illness, a type of color blindness",Unknown
rhabdomyolysis,disease,Unknown
onychomycosis,fungal infection of the nail,Unknown
stenosis,abnormal narrowing of a blood vessel or other tubular organ or structure; also sometimes called a stricture,Unknown
clostridial necrotizing enteritis,Human disease,Unknown
astasis,"lack of motor coordination marked by an inability to stand, walk or even sit without assistance due to disruption of muscle coordination",Unknown
agrammatism,non-fluent aphasia,Unknown
Ventricular Fibrillation,disorganized electrical activity in the ventricles,Unknown
Couvade syndrome,proposed medical condition,Unknown
type 2 diabetes,type of diabetes mellitus with high blood sugar and insulin resistance,Unknown
bullous emphysema,disease,Unknown
finger injury,injury involving the fingers,Unknown
ectopic atrial tachycardia,abnormally rapid heartbeats originating from one or more automatic foci (nonsinus pacemakers) in the heart atriumbut away from the sinoatrial node,Unknown
elbow tendinopathy,inflammation (tendinitis) or degeneration (tendinosis) of the tendons of the elbow.,Unknown
depressed skull fracture,"skull fracture characterized by inward depression of a fragment or section of cranial bone, often compressing the underlying dura mater and brain",Unknown
corneal endothelial cell loss,"loss of corneal endothelium usually following intraocular surgery, or due to Fuchs' endothelial  dystrophy, angle-closure glaucoma, iritis or aging",Unknown
esophageal cyst,fluid-filled closed cavity or sac lined by an epithelium and found in the esophagus region.,Unknown
central auditory disease,disorder of hearing or auditory perception caused by pathological processes of the auditory pathway in the central nervous system,Unknown
urinary fistula,abnormal passage in the urinary tract between itself or with other organs,Unknown
"alopecia, isolated",human disease,Unknown
hyperphosphatasia with mental retardation syndrome 3,human disease,Unknown
language delay and attention deficit-hyperactivity disorder/cognitive impairment with or without cardiac arrhythmia; LADCI,human disease,Unknown
"encephalopathy, progressive, early-onset, with brain edema and/or leukoencephalopathy; PEBEL",human disease,Unknown
spermatogenic failure 16; SPGF16,human disease,Unknown
"mental retardation, autosomal recessive 57; MRT57",human disease,Unknown
Shashi-Pena syndrome,human disease,Unknown
"encephalopathy, progressive, early-onset, with brain atrophy and thin corpus callosum; PEBAT",human disease,Unknown
lethal congenital contracture syndrome 11,human disease,Unknown
"heterotaxy, visceral, 8, autosomal; HTX8",human disease,Unknown
nerve degeneration,loss of functional activity and trophic degeneration of nerve axons and their terminal arborizations following the destruction of their cells of origin or interruption of their continuity with these cells,Unknown
capsule opacification,"clouding or loss of transparency of the posterior lens capsule, usually following cataract extraction",Unknown
vestibulocochlear nerve injury,traumatic injury to the vestibulocochlear nerve,Unknown
vascular graft occlusion,obstruction of flow in biological or prosthetic vascular grafts,Unknown
neutropenic enterocolitis,"syndrome characterized by inflammation in the ileum, the cecum, and the ascending colon",Unknown
myocardial reperfusion injury,damage to the myocardium resulting from restoration of blood flow to ischemic areas of the heart,Unknown
severe acute malnutrition,"acute form of malnutrition which usually affects children, characterized by a very low weight for height, visible severe wasting, or occurrence of nutritional edema",Unknown
cholera morbus,"obsolete term for acute gastroenteritis occurring in summer or autumn, characterized by severe cramps, diarrhea, and vomiting",Unknown
multiple pulmonary nodules,small lung lesions characterized by small round masses of 2- to 3-mm in diameter,Unknown
HIV seropositivity,development of neutralizing antibodies in individuals who have been exposed to the human immunodeficiency virus,Unknown
postcataract aphakia,absence of the crystalline lens resulting from cataract extraction,Unknown
femoral neck fracture,"fractures of the short, constricted portion of the thigh bone between the femur head and the trochanters",Unknown
paraneoplastic endocrine syndrome,syndromes resulting from inappropriate production of hormones or hormone-like materials by neoplasms in non-endocrine tissues or not by the usual glands,Unknown
prosthesis-related infection,infection resulting from the implantation of prosthetic devices,Unknown
metatarsal valgus,foot anomaly in which the forefoot is angled outward relative to the hindfoot.,Unknown
incomplete abortion,premature loss of pregnancy in which not all the products of conception have been expelled,Unknown
radiation-induced abnormality,congenital changes in the morphology of organs produced by exposure to ionizing or non-ionizing radiation,Unknown
periodontal attachment loss,loss or destruction of periodontal tissue caused by periodontitis or other destructive periodontal diseases or by injury during instrumentation,Unknown
congenital lower extremity deformity,congenital structural abnormalities of the  lower extremity,Unknown
virilism,development of male secondary sex characteristics in the female,Unknown
Rhinophyma,"condition causing development of a large, bulbous nose associated with granulomatous infiltration, commonly due to untreated rosacea",Unknown
growth disorder,"deviation from average values for a specific age and sex in height, weight, skeletal proportions, osseous development, or maturation of features",Unknown
Plagiocephaly,distortion of the skull,Unknown
Lacunar amnesia,AMNESIA LACUNAR,Unknown
Cracked nipple,"Painful, postpartum condition in breastfeeding women",Unknown
Skumin syndrome,disease,Unknown
dwarfism,"condition affecting a person or animal short in stature, caused by slow or delayed growth",Unknown
inferiority complex,an intense feeling of inferiority,Unknown
ablepharon,partial or complete absence of an eyelid,Unknown
procrastination,habitual or intentional delay of starting or finishing a task despite knowing potential negative consequences,Unknown
brachymetatarsia,condition in which there is one or more abnormally short or overlapping toes metatarsals,Unknown
Capillaritis,illness,Unknown
Conradi–Hünermann syndrome,Rare X-linked form of chondrodysplasia punctata,Unknown
chromhidrosis,"a rare condition characterized by the secretion of colored sweat, caused by the deposition of lipofuscin in the sweat glands. Usually chromhidrosis affects the apocrine glands, mainly on the face and underarms.",Unknown
reduced affect display,condition of reduced emotional reactivity in an individual,Unknown
Toxic multinodular goitre,Human diseasexdr dildar,Unknown
residual schizophrenia,"mental disorder, chronic stage in the development of a schizophrenic illness",Unknown
leukoencephalopathy,human disease,Unknown
childhood obesity,condition where excess body fat negatively affects a child's health or well-being,Unknown
Purtscher's retinopathy,medical condition,Unknown
AAA disease,disease in ancient Egypt,Unknown
abasia,disease,Unknown
nocturnal enuresis,involuntary urination while asleep,Unknown
abdominal cancer,human disease,Unknown
endemic African Kaposi's sarcoma,Kaposi's sarcoma that is located in black Africans,Unknown
pulmonary cryptococcosis,Human disease,Unknown
jejunal disease,"human disease, pathological development in the jejunum region of the small intestine",Unknown
Reoviridae infectious disease,Human disease,Unknown
mesothelial neoplasm,Human disease,Unknown
mucoepidermoid tumor,Human disease,Unknown
Flaviviridae infectious disease,Human disease,Unknown
perinatal disease,type of human disease,Unknown
coagulation factor deficiency,Human disease,Unknown
El Tor cholera,Human disease,Unknown
Ciliophora infectious disease,Human disease,Unknown
metastatic adenocarcinoma,Human disease,Unknown
Mycoplasmatales infectious disease,Human disease,Unknown
benign monoclonal gammopathy,Human disease,Unknown
infant nutrition disorder,human disease,Unknown
psychomotor disease,human disease,Unknown
Torovirus infectious disease,Human disease,Unknown
metastatic melanoma,Human disease,Unknown
brain hypoxia-ischemia,Human disease,Unknown
head and neck neoplasms,human disease,Unknown
krebs 2 carcinoma,Human disease,Unknown
border disease,Human disease,Unknown
peritoneal neoplasm,human disease,Unknown
combined hepatocellular carcinoma and cholangiocarcinoma,Human disease,Unknown
Roseolovirus infectious disease,human disease,Unknown
liver fluke-related cholangiocarcinoma,Human disease,Unknown
leiomyosarcoma nonmetastatic,Human disease,Unknown
septic shock,"medical condition defined as sepsis that has circulatory, cellular and metabolic abnormalities, is associated with clinical severity and greater risk of dying.",Unknown
abnormal uterine bleeding,medical condition,Unknown
atypical pneumonia,type of pneumonia not caused by one of the pathogens most commonly associated with the disease,Unknown
furunculosis,recurring boil,Unknown
eye injury,medical condition,Unknown
"striatal degeneration, autosomal dominant 2; ADSD2",human disease,Unknown
"spinocerebellar ataxia, autosomal recessive 22; SCAR22",human disease,Unknown
"pontocerebellar hypoplasia, type 2F; PCH2F",human disease,Unknown
"striatonigral degeneration, childhood-onset; SNDC",human disease,Unknown
"spinocerebellar ataxia, autosomal recessive 24; SCAR24",human disease,Unknown
"spastic paraplegia 78, autosomal recessive; SPG78",human disease,Unknown
autosomal recessive mental retardation-34 with variant lissencephaly,human disease,Unknown
bladder outlet decline,disease in the bladder,Unknown
Neotenic complex syndrome,Congenital extreme form of developmental delay and neoteny,Unknown
"epilepsy, nocturnal frontal lobe",human disease,Unknown
"hypothyroidism, congenital, nongoitrous",human disease,Unknown
"invasive pneumococcal disease, recurrent isolated",human disease,Unknown
microcephalic osteodysplastic primordial dwarfism,human disease,Unknown
"microvascular complications of diabetes, susceptibility",human disease,Unknown
mitochondrial complex deficiency,human disease,Unknown
"mycobacterium tuberculosis, susceptibility",human disease,Unknown
"schistosoma mansoni infection, susceptibility",human disease,Unknown
"anemia, hypochromic microcytic with iron overload",human disease,Unknown
metaphyseal chondrodysplasia,human disease,Unknown
"encephalopathy, acute, infection-induced",human disease,Unknown
microcephaly and chorioretinopathy,human disease,Unknown
"microcephaly, short stature, and impaired glucose metabolism",human disease,Unknown
"hypercalcemia, infantile",human disease,Unknown
undifferentiated gallbladder carcinoma,A carcinoma without evidence of differentiation arising from the gallbladder. The most common variant is the spindle and giant cell type which resembles a sarcoma.,Unknown
pyruvate kinase hyperactivity,human disease,Unknown
Dystelephalangy,human disease,Unknown
foveal hypoplasia 1,human disease,Unknown
"intellectual disability, FRA12A type",human disease,Unknown
"neutropenia, chronic familial",human disease,Unknown
premature Chromatid separation trait,human disease,Unknown
sweating sickness,contagious disease of humans that struck England and Europe between 1485 and 1551,Unknown
Charles Bonnet syndrome,visual disturbances and the experience of complex visual hallucinations in a blind person,Unknown
insulitis,illness,Unknown
expressive aphasia,type of aphasia characterized by partial loss of the ability to produce language,Unknown
osteophyte,"a bone projection formed on the margins of a joint, caused by stress and damage to the surfaces",Unknown
secondary myelofibrosis,Human disease,Unknown
malignant fibrous histiocytoma recurrent,Human disease,Unknown
pediatric desmoplastic small round cell tumor,Human disease,Unknown
AIDS-related Kaposi's sarcoma,Human disease,Unknown
childhood cancer of liver,Human disease,Unknown
anaplastic thyroid carcinoma,Human disease,Unknown
recurrent cutaneous melanoma,human disease,Unknown
human papilloma virus related endocervical adenocarcinoma,human disease,Unknown
EBV-related posttransplantation lymphoproliferative disease,Human disease,Unknown
carcinoma in situ of respiratory system,Human disease,Unknown
protracted reactive paranoid psychosis,mental disorder,Unknown
cervical spinal stenosis,orthopedic condition,Unknown
gram-negative bacterial infection,Infections caused by bacteria that show up as pink (negative) when treated by the gram-staining method,Unknown
Irvine–Gass syndrome,medical condition; common cause of visual loss after cataract surgery,Unknown
urinary incontinence,uncontrolled leakage of urine,Unknown
Überköten,German term: a pathological flexion of the toe joints in animals,Unknown
survivor guilt,a mental condition that occurs when a person believes they have done something wrong by surviving a traumatic or tragic event when others did not,Unknown
aboulia,"absence of willpower or decisiveness, especially as a symptom of mental disorder",Unknown
Ramsay Hunt syndrome,unrelated neurological syndromes described by James Ramsay Hunt,Unknown
athletic pubalgia,medical condition,Unknown
pigmentary glaucoma,secondary forma of glaucoma,Unknown
spontaneous bacterial peritonitis,"development of a bacterial infection in the peritoneum, despite the absence of an obvious source for the infection",Unknown
pretibial myxedema,Human disease,Unknown
Lunatic,antiquated adjective epithet of one given to lunacy,Unknown
femoral hernia,protrusion of a viscus through a weakness in the containing wall,Unknown
skin neoplasm,tumors or cancer of the skin,Unknown
Streptocerciasis,Human disease,Unknown
polioencephalitis,Human disease,Unknown
latent schizophrenia,subtype of schizophrenia (characterized by clear symptoms of schizophrenia but no history of a psychotic schizophrenic episode),Unknown
Pneumocystis infectious disease,human disease,Unknown
ileal disease,human disease in the ileum,Unknown
ocular onchocerciasis,Human disease,Unknown
manic episode,"mood disorder, characterised by a persistent elevation of mood (single manic episode)",Unknown
fetal death,death of the developing young in utero,Unknown
Thymoma-associated multiorgan autoimmunity,medical condition,Unknown
platypnea-orthodeoxia syndrome,medical condition,Unknown
mycotoxicosis,poisoning caused by the ingestion of mycotoxins (toxins of fungal origin),Unknown
defect state of schizophrenia,pathological state of psychic disorder,Unknown
Parkinson’s disease psychosis,manifestation of hallucinations by Parkison's disease patients,Unknown
temporomandibular joint involvement,disea,Unknown
sleeprunning,phenomenon of combined sleep and wakefulness,Unknown
Agalactia,Human disease,Unknown
aganglionosis,congenital absence of nerve cells in the intestinal wall,Unknown
agrypnia excitata,loss of sleep and motor and autonomic hyperactivity,Unknown
acroparesthesia,disease symptom in neurology,Unknown
hypervitaminosis,human disease,Unknown
Al-Raqad syndrome,congenital autosomal recessive syndrome discovered by Jordanian physician Mohammad Al-Raqad,Unknown
autosomal dominant sensory ataxia,inherited neurological movement disorder,Unknown
"alacrima, achalasia, and mental retardation syndrome","A genetic disorder characterized by the presence of alacrima, achalasia, and mental retardation",Unknown
